{"cameraMode":{"drawMode":0,"name":"Shaded","section":"Shading Mode"},"sceneLighting":true,"audioPlay":false,"sceneViewState":{"m_AlwaysRefresh":false,"showFog":true,"showSkybox":true,"showFlares":true,"showImageEffects":true,"showParticleSystems":true,"showVisualEffectGraphs":true,"m_FxEnabled":true},"in2DMode":false,"pivot":{"x":-0.10613250732421875,"y":-0.5333700180053711,"z":1.8858671188354493},"rotation":{"x":0.2975672483444214,"y":0.32874518632888796,"z":-0.10995689779520035,"w":0.8895458579063416},"size":8.542354583740235,"orthographic":false}