{"cameraMode":{"drawMode":0,"name":"Shaded","section":"Shading Mode"},"sceneLighting":true,"audioPlay":false,"sceneViewState":{"m_AlwaysRefresh":false,"showFog":true,"showSkybox":true,"showFlares":true,"showImageEffects":true,"showParticleSystems":true,"showVisualEffectGraphs":true,"m_FxEnabled":true},"in2DMode":false,"pivot":{"x":2.327092170715332,"y":0.27376317977905276,"z":-0.9342207908630371},"rotation":{"x":0.09252796322107315,"y":0.5659654140472412,"z":-0.06411723792552948,"w":0.8167208433151245},"size":6.4541215896606449,"orthographic":true}