{"cameraMode":{"drawMode":0,"name":"Shaded","section":"Shading Mode"},"sceneLighting":true,"audioPlay":false,"sceneViewState":{"m_AlwaysRefresh":false,"showFog":true,"showSkybox":true,"showFlares":true,"showImageEffects":true,"showParticleSystems":true,"showVisualEffectGraphs":true,"m_FxEnabled":true},"in2DMode":false,"pivot":{"x":-0.7772738337516785,"y":2.1700198650360109,"z":-9.074413299560547},"rotation":{"x":0.17586734890937806,"y":0.4001282751560211,"z":-0.07852490991353989,"w":0.8960092067718506},"size":1.2088128328323365,"orthographic":false}